Date,ADI,ALAB,AMAT,AMD,ARM,ASML,ASX,AVGO,CRDO,ENTG,INTC,KLAC,LRCX,MCHP,MPWR,MRVL,MTSI,MU,NVDA,NVMI,NXPI,ON,QCOM,RMBS,STM,SWKS,TER,TSM,TXN,UMC
2026-01-02,271.3135070800781,179.55999755859375,267.9151611328125,223.47000122070312,114.7300033569336,1158.216064453125,16.69208526611328,346.3441467285156,143.22000122070312,89.34810638427734,39.380001068115234,126.97584533691406,184.70843505859375,63.941776275634766,933.0181274414062,89.25901794433594,174.9600067138672,315.23907470703125,188.6199493408203,347.3399963378906,219.39332580566406,56.70000076293945,170.31703186035156,99.27999877929688,27.261457443237305,63.086952209472656,207.31527709960938,317.96728515625,174.58331298828125,7.704452991485596
2026-01-05,274.83203125,167.11000061035156,283.310302734375,221.0800018310547,116.11000061035156,1222.3179931640625,16.791088104248047,342.15960693359375,140.24000549316406,93.0593032836914,39.369998931884766,134.74501037597656,194.38999938964844,65.93780517578125,951.67236328125,90.09779357910156,170.75999450683594,311.970947265625,187.89083862304688,382.8800048828125,221.97116088867188,58.689998626708984,173.59576416015625,97.5,27.30129623413086,63.831459045410156,219.24119567871094,320.5937194824219,174.2390899658203,7.635663032531738
2026-01-06,290.34332275390625,161.00999450683594,294.9588317871094,214.35000610351562,115.52999877929688,1236.2510986328125,17.32571029663086,342.50830078125,132.9499969482422,99.32444763183594,40.040000915527344,138.98428344726562,206.56683349609375,73.61711120605469,1001.8453369140625,88.10072326660156,171.77000427246094,343.23297119140625,187.0119171142578,391.30999755859375,243.85299682617188,61.7599983215332,179.64125061035156,97.0,29.293365478515625,64.9188232421875,228.5701904296875,325.7471008300781,188.922119140625,7.979611873626709
2026-01-07,290.29376220703125,165.77000427246094,291.162353515625,210.02000427246094,115.68000030517578,1222.5966796875,17.444517135620117,342.2392883300781,141.0,97.61849212646484,42.630001068115234,135.46633911132812,202.69419860839844,72.70268249511719,955.7080688476562,84.51597595214844,170.6199951171875,339.355224609375,188.87962341308594,379.0,237.29934692382812,61.88999938964844,177.4160614013672,91.6500015258789,28.765466690063477,58.6003303527832,222.21768188476562,317.04205322265625,182.63783264160156,8.77560806274414
2026-01-08,296.5082092285156,156.72999572753906,280.6398620605469,204.67999267578125,113.08000183105469,1188.6099853515625,17.15740394592285,331.2597351074219,141.58999633789062,99.61376953125,41.11000061035156,131.97032165527344,200.57823181152344,72.29953002929688,955.7180786132812,83.32771301269531,167.66000366210938,326.8323974609375,184.81459045410156,375.7900085449219,235.86170959472656,60.88999938964844,179.07017517089844,91.33999633789062,27.92879867553711,59.42320251464844,216.0549774169922,316.37554931640625,185.33248901367188,8.402177810668945
2026-01-09,298.26251220703125,162.61000061035156,300.11041259765625,203.1699981689453,111.79000091552734,1267.7896728515625,17.46431541442871,343.7038879394531,150.4199981689453,102.74633026123047,45.54999923706055,139.48245239257812,217.94515991210938,73.96125793457031,955.5984497070312,83.15785217285156,174.8699951171875,344.8920593261719,184.63479614257812,394.07000732421875,239.09390258789062,62.15999984741211,175.04315185546875,93.37999725341797,28.72562599182129,58.94319534301758,217.0038604736328,321.9666442871094,187.16172790527344,8.638028144836426
2026-01-12,291.2551574707031,172.57000732421875,306.14892578125,207.69000244140625,111.13999938964844,1275.1043701171875,18.088041305541992,350.9173278808594,156.07000732421875,101.59904479980469,44.060001373291016,142.28903198242188,219.9812774658203,72.16187286376953,963.7596435546875,82.82809448242188,197.5500030517578,345.6716003417969,184.71470642089844,403.6199951171875,236.29795837402344,58.75,166.66415405273438,92.9000015258789,28.23756980895996,57.65010452270508,224.09547424316406,330.0647888183594,185.94223022460938,8.696990966796875
2026-01-13,293.5843200683594,180.55999755859375,303.7873229980469,220.97000122070312,107.83999633789062,1264.08740234375,18.51375961303711,353.3085021972656,161.3800048828125,101.82850646972656,47.290000915527344,143.64898681640625,213.9727325439453,72.83049774169922,979.822998046875,82.98797607421875,213.52000427246094,337.93603515625,185.58364868164062,404.6499938964844,237.0514678955078,59.40999984741211,162.74542236328125,95.4800033569336,28.317251205444336,57.30724334716797,228.9997100830078,329.5076599121094,185.41116333007812,8.510275840759277
2026-01-14,295.3485107421875,172.13999938964844,300.81793212890625,223.60000610351562,104.98999786376953,1257.67822265625,18.691965103149414,338.642578125,156.83999633789062,103.8437271118164,48.720001220703125,142.919677734375,208.39332580566406,73.43029022216797,980.141845703125,81.14935302734375,215.00999450683594,333.1587829589844,182.91688537597656,413.0400085449219,238.75680541992188,60.58000183105469,162.0069580078125,100.62000274658203,27.769432067871094,58.63951873779297,229.91860961914062,325.4287414550781,190.24977111816406,8.638028144836426
2026-01-15,299.4221496582031,174.4499969482422,317.94683837890625,227.9199981689453,105.11000061035156,1325.233642578125,18.99888038635254,341.76104736328125,149.1199951171875,113.27137756347656,48.31999969482422,153.92486572265625,217.05686950683594,73.20413970947266,1005.9906616210938,80.31996154785156,218.92999267578125,336.4368896484375,186.8221435546875,434.54998779296875,236.56565856933594,60.279998779296875,158.90545654296875,103.06999969482422,27.888957977294922,57.26805877685547,227.43153381347656,339.88409423828125,185.9914093017578,8.618374824523926
2026-01-16,297.5885314941406,182.0,325.84869384765625,231.8300018310547,105.77999877929688,1352.0745849609375,19.21668815612793,350.4191589355469,150.97000122070312,117.07235717773438,46.959999084472656,156.20240783691406,222.53643798828125,73.449951171875,1029.5377197265625,80.39990997314453,220.67999267578125,362.54193115234375,186.0031280517578,445.70001220703125,235.08836364746094,60.33000183105469,156.96580505371094,107.98999786376953,27.918838500976562,56.59212875366211,227.88101196289062,340.64013671875,188.4107208251953,9.13921070098877
2026-01-20,293.04913330078125,183.75,317.09991455078125,231.9199981689453,107.16999816894531,1319.7301025390625,18.711767196655273,331.3793029785156,153.22000122070312,114.72791290283203,48.560001373291016,148.06858825683594,221.9874725341797,71.945556640625,1030.8529052734375,79.74040222167969,221.6999969482422,364.7906494140625,177.8530731201172,452.0899963378906,228.73300170898438,60.060001373291016,151.6981658935547,110.0999984741211,27.012449264526367,56.23946762084961,223.71592712402344,325.4784851074219,186.45362854003906,10.593622207641602
2026-01-21,302.26666259765625,176.0050048828125,324.0849609375,249.8000030517578,113.91999816894531,1353.58740234375,18.790969848632812,327.5932312011719,139.16000366210938,119.45669555664062,54.25,151.43807983398438,227.9561004638672,74.92485046386719,1071.1507568359375,82.48834991455078,226.25,388.88677978515625,183.09669494628906,463.0199890136719,231.72726440429688,63.130001068115234,153.96275329589844,125.93000030517578,28.40689468383789,57.356224060058594,231.61660766601562,324.44384765625,191.1938934326172,10.93757152557373
2026-01-22,305.7851867675781,176.35000610351562,317.65789794921875,253.72999572753906,119.19999694824219,1388.33056640625,18.87017250061035,324.2953796386719,135.10000610351562,118.23959350585938,54.31999969482422,149.4454803466797,220.2807159423828,74.20706939697266,1072.884765625,83.0379409790039,224.2899932861328,397.3518981933594,184.6148223876953,461.3699951171875,234.73143005371094,63.06999969482422,155.3707275390625,124.7699966430664,28.914873123168945,58.45338439941406,228.86984252929688,325.6874084472656,191.76431274414062,10.7115478515625
2026-01-23,302.8910827636719,169.66000366210938,321.23516845703125,259.67999267578125,116.06999969482422,1382.3990478515625,19.19688606262207,318.8753662109375,133.16000366210938,114.43860626220703,45.06999969482422,150.71873474121094,217.52597045898438,73.45979309082031,1060.0001220703125,80.17008209228516,219.25999450683594,399.4207458496094,187.44137573242188,460.9100036621094,230.49783325195312,61.97999954223633,153.4212188720703,115.30999755859375,28.934791564941406,57.75786590576172,228.9097900390625,333.14886474609375,190.11209106445312,10.357771873474121
2026-01-26,301.315185546875,163.25,318.3255310058594,251.30999755859375,114.7300033569336,1406.5927734375,19.632505416870117,323.6577453613281,128.02000427246094,115.3564224243164,42.4900016784668,153.73257446289062,222.44659423828125,73.53844451904297,1064.3846435546875,81.70893096923828,218.88999938964844,388.8667907714844,186.2428436279297,462.05999755859375,229.0800323486328,61.130001068115234,152.14122009277344,114.19000244140625,28.4865779876709,58.54155349731445,231.4767608642578,330.9999694824219,193.33782958984375,11.134113311767578
2026-01-27,301.13677978515625,170.92999267578125,331.5284729003906,252.02999877929688,114.87999725341797,1447.6356201171875,19.870115280151367,331.568603515625,129.57000732421875,120.12511444091797,43.93000030517578,161.03546142578125,238.00698852539062,73.90225982666016,1091.6385498046875,82.8680648803711,219.1999969482422,410.0046691894531,188.29034423828125,477.07000732421875,227.46392822265625,62.630001068115234,150.68399047851562,115.70999908447266,29.24356460571289,58.82564163208008,238.6582794189453,336.60101318359375,193.37716674804688,12.264230728149414
2026-01-28,314.814453125,167.89999389648438,335.5541076660156,252.74000549316406,109.95999908447266,1416.1171875,20.058223724365234,332.0169372558594,129.66000366210938,120.464599609375,48.779998779296875,162.1184539794922,239.12486267089844,78.93657684326172,1157.6954345703125,83.55755615234375,226.25,435.03033447265625,191.2866973876953,487.17999267578125,237.98345947265625,64.93000030517578,150.3492431640625,124.44000244140625,30.209716796875,54.15289306640625,250.18467712402344,340.5406799316406,212.5939178466797,11.183249473571777
2026-01-29,315.8749694824219,160.4600067138672,340.1278076171875,252.17999267578125,108.43000030517578,1448.2030029296875,19.583003997802734,329.51617431640625,129.47000122070312,122.52142333984375,48.65999984741211,167.84817504882812,247.6985321044922,78.03197479248047,1178.9903564453125,81.27924346923828,227.72999572753906,435.5400390625,192.27548217773438,497.6300048828125,231.50914001464844,62.20000076293945,149.8766326904297,121.5999984741211,28.506500244140625,54.652496337890625,251.5730438232422,337.8048095703125,215.34759521484375,10.397080421447754
2026-01-30,308.1242980957031,150.6199951171875,321.17535400390625,236.72999572753906,105.36000061035156,1416.19677734375,18.790969848632812,330.08404541015625,125.27999877929688,117.88855743408203,46.470001220703125,142.26611328125,233.01649475097656,74.6495361328125,1120.19775390625,78.8610610961914,219.05999755859375,414.6419982910156,190.8971710205078,457.8399963378906,224.21189880371094,59.88999938964844,149.25631713867188,113.83000183105469,27.77939224243164,54.62310791015625,240.76580810546875,328.86102294921875,213.36785888671875,10.003996849060059
2026-02-02,314.0512390136719,152.44000244140625,327.2337951660156,246.27000427246094,106.93000030517578,1434.4989013671875,19.21668815612793,329.8947448730469,119.95999908447266,119.29639434814453,48.810001373291016,140.52357482910156,237.04881286621094,76.77339172363281,1169.09521484375,78.60125732421875,228.55999755859375,437.5488586425781,185.38389587402344,454.1499938964844,229.10977172851562,61.529998779296875,150.2704620361328,113.70999908447266,28.655902862548828,55.671295166015625,249.2357940673828,339.6054992675781,222.73207092285156,9.866416931152344
2026-02-03,308.5306396484375,158.52000427246094,317.5383605957031,242.11000061035156,104.55000305175781,1389.206298828125,19.19688606262207,319.154296875,111.30999755859375,113.5252685546875,49.25,135.05287170410156,229.66287231445312,75.37716674804688,1160.734619140625,75.48358154296875,226.7100067138672,419.19940185546875,180.12030029296875,445.6600036621094,218.77862548828125,59.43000030517578,144.91421508789062,98.44999694824219,27.749513626098633,54.78964614868164,282.6463928222656,334.0243225097656,222.93006896972656,9.679701805114746
2026-02-04,317.59954833984375,144.6699981689453,296.54315185546875,200.19000244140625,104.9000015258789,1332.727783203125,18.800870895385742,306.9194030761719,96.94999694824219,112.23725891113281,48.599998474121094,130.23873901367188,209.3814697265625,76.92089080810547,1132.8331298828125,73.67493438720703,215.02999877929688,379.182373046875,173.97779846191406,415.6400146484375,224.92575073242188,62.060001373291016,146.59788513183594,100.8499984741211,29.21368408203125,57.79705047607422,268.7528076171875,324.0657958984375,220.6632537841797,9.777972221374512
2026-02-05,319.2646484375,142.82000732421875,302.91046142578125,192.5,110.87999725341797,1343.7049560546875,20.058223724365234,309.3703918457031,98.05999755859375,110.16045379638672,48.2400016784668,132.61093139648438,212.90475463867188,76.73406982421875,1151.92578125,74.15457916259766,227.8000030517578,382.6703796386719,171.6706085205078,426.7099914550781,220.236083984375,63.099998474121094,134.20172119140625,98.0999984741211,28.865070343017578,59.67789840698242,270.81036376953125,329.0301513671875,221.7125244140625,9.797627449035645
2026-02-06,317.6094665527344,169.85000610351562,321.36474609375,208.44000244140625,123.69999694824219,1406.2545166015625,20.681947708129883,331.6981506347656,111.4000015258789,122.18195343017578,50.59000015258789,143.76156616210938,230.57113647460938,74.738037109375,1225.49609375,80.22004699707031,235.8699951171875,394.4635925292969,185.1841278076172,459.95001220703125,222.4074249267578,65.19999694824219,135.2257080078125,107.0999984741211,29.73162078857422,60.83384323120117,299.75616455078125,347.0570373535156,219.19822692871094,9.88607120513916
2026-02-09,320.10711669921875,187.6699981689453,329.3960876464844,216.0,124.61000061035156,1422.6556396484375,21.929399490356445,342.67767333984375,123.41000366210938,122.20191955566406,50.2400016784668,143.4835968017578,228.84442138671875,73.16481018066406,1201.9393310546875,82.28849792480469,235.6999969482422,383.2799987792969,189.80848693847656,463.69000244140625,226.95828247070312,65.0999984741211,136.79122924804688,110.91999816894531,32.38106918334961,60.2950553894043,309.6445007324219,353.5832824707031,216.55526733398438,9.87624454498291
2026-02-10,322.2777099609375,182.86000061035156,327.90142822265625,213.57000732421875,125.94999694824219,1408.7171630859375,22.26601219177246,339.1905212402344,134.72000122070312,133.2349395751953,47.130001068115234,142.55503845214844,226.1794891357422,75.57381439208984,1138.0048828125,81.9487533569336,230.5399932861328,373.035888671875,188.31031799316406,460.79998779296875,234.6025390625,67.37999725341797,137.93336486816406,106.98999786376953,33.30738067626953,61.03956604003906,304.53057861328125,360.0498962402344,218.68348693847656,9.738664627075195
2026-02-11,334.0127258300781,143.7100067138672,338.67303466796875,213.5800018310547,125.27999877929688,1430.65087890625,23.503562927246094,341.50201416015625,128.39999389648438,137.5782470703125,48.290000915527344,147.40304565429688,234.67332458496094,79.39871215820312,1192.5224609375,81.27924346923828,236.94000244140625,410.1046142578125,189.8184814453125,475.8299865722656,247.62059020996094,71.18000030517578,138.8687286376953,99.37999725341797,34.81139373779297,62.381629943847656,321.071044921875,372.1672668457031,224.2664031982422,10.12192153930664
2026-02-12,328.4227294921875,126.58000183105469,327.22381591796875,205.94000244140625,122.19000244140625,1401.9906005859375,23.226350784301758,329.9545593261719,121.77999877929688,130.69883728027344,46.47999954223633,144.5486602783203,230.85060119628906,77.59933471679688,1151.865966796875,78.17157745361328,238.99000549316406,413.7325439453125,186.7122802734375,443.54998779296875,240.12506103515625,70.62999725341797,136.33831787109375,95.80000305175781,33.47671127319336,59.49177551269531,310.663330078125,366.2080993652344,220.742431640625,10.11209487915039
2026-02-13,334.1118469238281,129.32000732421875,353.6496276855469,207.32000732421875,125.27999877929688,1401.7315673828125,23.166950225830078,323.9765625,121.44000244140625,131.22801208496094,46.790000915527344,145.87173461914062,235.08253479003906,77.24535369873047,1167.3514404296875,78.5512924194336,244.16000366210938,411.4238586425781,182.58731079101562,443.760009765625,242.34593200683594,72.20999908447266,138.5339813232422,101.94999694824219,33.47671127319336,60.83384323120117,314.4204406738281,364.4770202636719,223.8704376220703,10.239847183227539
2026-02-17,334.51824951171875,123.69000244140625,357.85467529296875,203.0800018310547,126.88999938964844,1414.8558349609375,23.236251831054688,331.31951904296875,124.80000305175781,129.36090087890625,46.18000030517578,146.6658172607422,235.1324462890625,77.61900329589844,1169.055419921875,78.95099639892578,245.58999633789062,399.5506591796875,184.7446746826172,442.30999755859375,243.0003204345703,71.95999908447266,140.43426513671875,101.94999694824219,33.068336486816406,60.89262008666992,305.2973937988281,362.328125,223.40521240234375,10.092440605163574
2026-02-18,343.2996826171875,129.5800018310547,367.988525390625,200.1199951171875,127.23999786376953,1463.6259765625,23.107547760009766,332.28594970703125,127.91000366210938,131.68731689453125,45.459999084472656,147.6743927001953,239.63388061523438,77.78616333007812,1184.14208984375,79.03092956542969,246.75999450683594,420.70855712890625,187.75099182128906,451.8500061035156,235.30648803710938,70.66000366210938,141.03489685058594,104.33999633789062,33.63607406616211,60.73588180541992,314.580322265625,360.3981018066406,221.0592041015625,10.053131103515625
2026-02-19,342.2391662597656,132.6199951171875,368.9762268066406,203.3699951171875,126.93000030517578,1453.8701171875,22.949140548706055,332.76416015625,130.66000366210938,132.46612548828125,44.619998931884766,146.63690185546875,236.93902587890625,75.8687973022461,1171.088134765625,79.55054473876953,242.55999755859375,417.110595703125,187.6710968017578,442.6700134277344,230.13099670410156,68.08999633789062,139.09519958496094,104.12999725341797,33.068336486816406,58.01256561279297,315.6594543457031,358.5377197265625,215.84254455566406,9.95486068725586
2026-02-20,351.8829345703125,129.67999267578125,374.513427734375,200.14999389648438,125.58000183105469,1464.4930419921875,23.721372604370117,331.4291076660156,124.05999755859375,134.28334045410156,44.11000061035156,149.24063110351562,244.4547119140625,76.42926025390625,1199.8665771484375,79.42064666748047,243.58999633789062,427.92437744140625,189.58877563476562,441.239990234375,230.2896270751953,69.11000061035156,140.680419921875,102.63999938964844,33.48666763305664,58.82564163208008,324.6026916503906,368.63555908203125,217.5055389404297,10.220191955566406
2026-02-23,352.0018615722656,128.24000549316406,372.6876525878906,196.60000610351562,123.77999877929688,1480.836181640625,23.246152877807617,329.1275939941406,124.05000305175781,136.21035766601562,43.630001068115234,148.40863037109375,241.80975341796875,75.76164245605469,1185.8759765625,77.73190307617188,245.52999877929688,420.7285461425781,191.31666564941406,442.5299987792969,229.1890869140625,69.47000122070312,138.24844360351562,95.2699966430664,33.855201721191406,58.5611457824707,318.25750732421875,368.1380920410156,217.63421630859375,10.239847183227539
2026-02-24,352.93353271484375,128.39999389648438,377.05755615234375,213.83999633789062,128.13999938964844,1492.6053466796875,24.57280731201172,324.2953796386719,120.83000183105469,136.0605926513672,46.119998931884766,150.30307006835938,243.78599548339844,75.0989761352539,1209.403076171875,78.33145904541016,248.2899932861328,417.7702331542969,192.61508178710938,455.0199890136719,232.6295166015625,70.02999877929688,142.55116271972656,98.56999969482422,33.91496276855469,59.38399887084961,328.83941650390625,383.7673645019531,211.19012451171875,10.731202125549316
2026-02-25,357.6017761230469,128.14999389648438,394.03826904296875,210.86000061035156,131.74000549316406,1521.2156982421875,24.859920501708984,331.0903625488281,123.45999908447266,137.1289520263672,46.880001068115234,154.29644775390625,249.00604248046875,74.64400482177734,1227.6187744140625,80.85956573486328,253.3699951171875,428.75390625,195.32176208496094,457.010009765625,233.06576538085938,69.68000030517578,143.57516479492188,101.08999633789062,34.422943115234375,59.304683685302734,342.55902099609375,385.7371826171875,211.73455810546875,10.367599487304688
2026-02-26,351.208984375,124.66999816894531,374.8526611328125,203.67999267578125,129.25999450683594,1458.72314453125,23.988683700561523,320.519287109375,114.4800033569336,131.99684143066406,45.459999084472656,152.0648193359375,238.61582946777344,74.14947509765625,1175.9808349609375,79.23078918457031,247.11000061035156,415.3216247558594,184.66476440429688,441.7699890136719,230.2499542236328,68.16000366210938,143.34869384765625,102.16999816894531,34.243656158447266,59.09649658203125,332.44671630859375,374.8733215332031,210.4774169921875,10.12192153930664
2026-02-27,352.6361999511719,118.83000183105469,371.4405517578125,200.2100067138672,127.44999694824219,1445.5291748046875,24.048086166381836,318.377197265625,112.2699966430664,132.2464599609375,45.61000061035156,152.08876037597656,233.44566345214844,73.82308959960938,1138.722412109375,81.62899017333984,248.1199951171875,412.1334533691406,176.97415161132812,438.8599853515625,225.07447814941406,66.4800033569336,140.16842651367188,99.66000366210938,33.47671127319336,59.06675338745117,319.78631591796875,372.6547546386719,209.96267700195312,10.259500503540039
2026-03-02,349.2861633300781,120.55000305175781,371.3208312988281,198.6199951171875,124.37000274658203,1418.602783203125,23.958982467651367,317.6498718261719,114.22000122070312,135.29177856445312,45.5,153.1262664794922,230.5611572265625,73.4967041015625,1138.5628662109375,80.79961395263672,258.5400085449219,412.43328857421875,182.25770568847656,448.20001220703125,222.84364318847656,66.4800033569336,138.85891723632812,98.87999725341797,33.347225189208984,58.4223518371582,325.5819091796875,367.2128601074219,207.6958770751953,10.328290939331055
2026-03-03,337.037109375,109.80000305175781,350.50897216796875,190.9499969482422,121.72000122070312,1356.2198486328125,22.087804794311523,312.68817138671875,97.30000305175781,126.59516143798828,43.099998474121094,143.7887420654297,216.85723876953125,70.6086654663086,1070.5926513671875,77.45211029052734,241.00999450683594,379.46221923828125,179.83065795898438,425.25,213.41473388671875,63.41999816894531,136.0035400390625,87.58999633789062,31.494600296020508,57.64907455444336,303.9883728027344,351.3150329589844,200.61825561523438,9.728837013244629
2026-03-04,339.5426330566406,113.7699966430664,356.9341125488281,202.07000732421875,124.11000061035156,1394.5166015625,21.879898071289062,316.3645935058594,102.54000091552734,128.8017578125,45.58000183105469,147.2364501953125,222.83303833007812,69.13497161865234,1095.1561279296875,78.03166961669922,239.0,400.5400695800781,182.8170166015625,441.6199951171875,214.5251922607422,62.529998779296875,137.3623046875,92.04000091552734,33.197818756103516,55.7951774597168,304.9676513671875,355.6028747558594,200.34107971191406,9.709182739257812
2026-03-05,327.820556640625,120.0,345.73004150390625,199.4499969482422,120.62000274658203,1363.6141357421875,21.840295791625977,331.54864501953125,114.73999786376953,124.38855743408203,45.95000076293945,142.59263610839844,214.52886962890625,67.06784057617188,1074.6484375,75.62347412109375,228.97999572753906,396.8222351074219,183.1166534423828,437.6000061035156,208.78456115722656,60.849998474121094,135.75698852539062,91.91000366210938,33.17789840698242,55.99345779418945,305.3473205566406,352.041259765625,195.97573852539062,9.581430435180664
2026-03-06,313.99066162109375,119.19999694824219,323.9903564453125,192.42999267578125,114.37999725341797,1288.3162841796875,20.909658432006836,329.26708984375,109.83000183105469,112.2672119140625,43.41999816894531,134.13201904296875,199.18968200683594,64.06111145019531,1019.562744140625,89.50310516357422,207.50999450683594,370.08758544921875,177.60337829589844,411.3299865722656,200.0199432373047,56.869998931884766,134.45889282226562,88.12000274658203,31.235633850097656,54.33784484863281,272.8420715332031,337.1482238769531,191.2738037109375,9.434024810791016
2026-03-09,317.8681945800781,122.30999755859375,338.1575622558594,202.67999267578125,117.62999725341797,1352.712158203125,21.444278717041016,344.4810485839844,115.9800033569336,117.15967559814453,45.58000183105469,142.5666961669922,211.00135803222656,64.2885971069336,1058.2662353515625,92.580810546875,218.72999572753906,389.0966796875,182.427490234375,433.05999755859375,203.50001525878906,59.22999954223633,136.85691833496094,88.5199966430664,33.39702224731445,54.803794860839844,296.21429443359375,346.9078063964844,194.2137451171875,9.561776161193848
2026-03-10,316.973388671875,116.4800033569336,345.0815734863281,203.22999572753906,120.55000305175781,1378.60205078125,21.4937801361084,341.3226623535156,112.33000183105469,116.70037841796875,46.779998779296875,144.94497680664062,215.0784912109375,64.614990234375,1052.10791015625,93.2303237915039,220.58999633789062,402.8787536621094,184.544921875,432.1700134277344,201.29893493652344,59.59000015258789,133.97332763671875,89.61000061035156,33.38706588745117,54.456809997558594,300.541015625,345.3060607910156,195.46099853515625,9.3160982131958
2026-03-11,317.38104248046875,124.70999908447266,350.25958251953125,204.8300018310547,120.0999984741211,1381.87060546875,21.681888580322266,340.3163757324219,115.91000366210938,116.00146484375,47.97999954223633,146.14808654785156,218.71592712402344,65.0699462890625,1067.32421875,90.3724594116211,222.5500030517578,418.4498291015625,185.8134307861328,435.7699890136719,198.16587829589844,59.2400016784668,132.9031219482422,92.52999877929688,33.9249267578125,54.873191833496094,301.7600402832031,352.7376403808594,196.6587371826172,9.532295227050781
2026-03-12,305.4998474121094,119.9000015258789,336.4914245605469,197.74000549316406,115.12000274658203,1346.892333984375,20.78095245361328,334.7369384765625,111.56999969482422,109.81098937988281,45.25,140.61839294433594,209.34254455566406,62.04344177246094,1030.2451171875,87.60452270507812,215.94000244140625,405.1174621582031,182.9268035888672,420.1099853515625,189.58963012695312,57.689998626708984,129.9600830078125,89.77999877929688,33.108177185058594,54.724483489990234,286.39178466796875,334.9794006347656,188.12600708007812,9.188346862792969
2026-03-13,304.3067932128906,120.30999755859375,340.7416076660156,193.38999938964844,115.75,1341.022705078125,21.285873413085938,320.9776306152344,117.69000244140625,108.11360168457031,45.77000045776367,141.52320861816406,212.05062866210938,61.262088775634766,1048.8892822265625,87.79438781738281,217.8000030517578,425.8855895996094,180.0401611328125,428.6000061035156,189.23269653320312,58.54999923706055,128.64215087890625,94.01000213623047,32.73964309692383,54.26844787597656,286.2019348144531,336.5711669921875,188.84861755371094,9.109729766845703
2026-03-16,309.1288757324219,127.4800033569336,345.3808288574219,196.5800018310547,121.69999694824219,1370.7891845703125,21.305673599243164,323.7275085449219,116.87999725341797,111.46843719482422,45.7599983215332,143.47850036621094,219.24554443359375,63.131404876708984,1073.6121826171875,91.51160430908203,224.9199981689453,441.54656982421875,183.0067138671875,437.75,190.25392150878906,59.880001068115234,128.21604919433594,92.77999877929688,33.32730484008789,54.07017135620117,298.0428771972656,338.4813232421875,192.16470336914062,9.30627155303955
2026-03-17,311.8530578613281,127.56999969482422,351.6463623046875,196.30999755859375,127.30999755859375,1384.342041015625,21.612586975097656,320.1307373046875,104.05999755859375,115.90161895751953,44.060001373291016,147.77914428710938,226.31057739257812,63.883079528808594,1062.909912109375,90.72219848632812,221.2899932861328,461.4251403808594,181.71820068359375,445.5199890136719,192.36575317382812,60.97999954223633,130.3960723876953,93.5,33.65599822998047,53.247318267822266,299.17205810546875,345.1716613769531,192.48146057128906,9.35540771484375
2026-03-18,306.812255859375,126.33999633789062,348.66326904296875,199.4600067138672,128.36000061035156,1350.469970703125,21.444278717041016,314.7704772949219,101.72000122070312,115.40238952636719,45.029998779296875,147.87989807128906,224.55181884765625,64.00177001953125,1071.509521484375,87.55455780029297,218.88999938964844,461.46514892578125,180.1899871826172,457.79998779296875,191.04710388183594,60.459999084472656,129.2862548828125,93.31999969482422,33.09821701049805,53.11844253540039,299.841552734375,338.7766418457031,188.84861755371094,9.13921070098877
2026-03-19,308.651611328125,126.16000366210938,356.3853759765625,205.27000427246094,129.82000732421875,1361.6510009765625,21.681888580322266,318.6661376953125,107.08999633789062,115.68196105957031,46.18000030517578,150.7888946533203,233.82528686523438,62.597312927246094,1088.8482666015625,89.463134765625,224.5399932861328,444.01513671875,178.3521270751953,472.0799865722656,190.7100067138672,59.290000915527344,130.08888244628906,94.62000274658203,32.29142761230469,53.653785705566406,302.16973876953125,337.99847412109375,186.38381958007812,9.099902153015137
2026-03-20,307.6474304199219,116.04000091552734,356.2357482910156,201.3300018310547,132.35000610351562,1312.681396484375,21.09776496887207,309.3703918457031,103.4000015258789,114.48380279541016,43.869998931884766,149.50698852539062,228.19924926757812,62.28081512451172,1065.0921630859375,87.84434509277344,218.9600067138672,422.65740966796875,172.4989471435547,465.29998779296875,189.73834228515625,59.2599983215332,128.72140502929688,91.69999694824219,30.73761558532715,53.971031188964844,290.6085510253906,328.47076416015625,185.29495239257812,8.962323188781738
2026-03-23,310.39154052734375,123.87000274658203,360.9548034667969,202.67999267578125,136.88999938964844,1364.8697509765625,21.464080810546875,322.0003967285156,105.0999984741211,114.83326721191406,44.0099983215332,150.77992248535156,233.14576721191406,63.63581848144531,1072.5657958984375,90.09266662597656,229.25999450683594,404.1180419921875,175.43553161621094,470.8699951171875,191.7411346435547,59.88999938964844,127.18548583984375,93.3499984741211,31.534442901611328,54.02060317993164,303.6886291503906,337.6592712402344,186.7203826904297,8.932841300964355
2026-03-24,319.9759826660156,121.76000213623047,373.12664794921875,205.3699951171875,134.9600067138672,1394.5665283203125,21.315574645996094,317.78704833984375,100.30000305175781,121.48302459716797,44.060001373291016,156.24276733398438,238.671875,64.91169738769531,1097.717041015625,92.29102325439453,237.22999572753906,395.3031311035156,174.99603271484375,485.42999267578125,194.7254638671875,62.34000015258789,127.50257873535156,92.69000244140625,31.914016723632812,54.88310623168945,319.8962707519531,342.4480285644531,192.65963745117188,8.893533706665039
2026-03-25,320.1748352050781,120.33000183105469,368.48736572265625,220.27000427246094,157.07000732421875,1389.0556640625,22.176908493041992,318.30621337890625,103.91000366210938,122.99070739746094,47.18000030517578,154.01113891601562,233.28565979003906,64.44684600830078,1114.7271728515625,98.37646484375,245.0399932861328,381.8708190917969,178.47198486328125,481.2799987792969,196.94195556640625,63.099998474121094,129.16732788085938,95.93000030517578,33.38235855102539,55.705955505371094,323.11376953125,346.9375305175781,194.77796936035156,9.149038314819336
2026-03-26,311.6144714355469,113.6050033569336,337.7684631347656,203.77000427246094,154.8000030517578,1324.888916015625,21.216569900512695,308.9310607910156,96.44000244140625,115.5721206665039,44.099998474121094,144.764404296875,211.4710235595703,63.49734878540039,1054.559326171875,97.60704803466797,228.5,355.256103515625,171.04066467285156,453.6099853515625,196.2542724609375,60.869998931884766,129.35560607910156,91.44000244140625,32.87293243408203,56.171905517578125,297.1136169433594,325.3480529785156,191.45199584960938,8.864051818847656
2026-03-27,305.66888427734375,112.47000122070312,336.39166259765625,201.99000549316406,144.1300048828125,1297.95263671875,21.285873413085938,300.2048645019531,95.23999786376953,113.41543579101562,43.130001068115234,143.9743194580078,211.2611846923828,61.321434020996094,1049.307861328125,94.80913543701172,225.44000244140625,357.0151062011719,167.32498168945312,440.7200012207031,191.01206970214844,58.349998474121094,125.95672607421875,89.7300033569336,32.503353118896484,53.18783950805664,295.3849182128906,325.9765930175781,188.40316772460938,8.716645240783691
2026-03-30,301.3539123535156,100.2699966430664,322.37408447265625,196.0399932861328,136.9600067138672,1249.6109619140625,20.681947708129883,292.94635009765625,87.80999755859375,108.4730453491211,41.189998626708984,137.92587280273438,199.7892608642578,59.40266418457031,998.8160400390625,87.74441528320312,209.49000549316406,321.75048828125,164.97772216796875,413.2300109863281,186.75650024414062,55.65999984741211,125.9170913696289,79.7300033569336,31.284725189208984,52.04774475097656,276.1396179199219,315.7605285644531,184.53274536132812,8.461139678955078
2026-03-31,316.3072509765625,109.5999984741211,341.0010070800781,203.42999267578125,151.27999877929688,1316.2489013671875,21.464080810546875,309.02093505859375,93.87000274658203,117.0598373413086,44.130001068115234,146.88729858398438,213.5095977783203,63.902862548828125,1091.6842041015625,98.97602844238281,222.07000732421875,337.7880554199219,174.1969757080078,434.2799987792969,196.19448852539062,61.91999816894531,127.611572265625,86.02999877929688,34.511085510253906,53.08869552612305,296.2342834472656,337.1604309082031,192.1746063232422,8.824743270874023
2026-04-01,318.7331848144531,106.33000183105469,352.9832458496094,210.2100067138672,155.07000732421875,1355.0439453125,22.256113052368164,312.99462890625,95.91999816894531,118.52757263183594,48.029998779296875,151.61888122558594,221.8537139892578,64.66443634033203,1117.804443359375,106.63030242919922,229.36000061035156,367.7934265136719,175.54541015625,445.75,194.91880798339844,62.20000076293945,126.12519073486328,89.94999694824219,34.48112106323242,52.76154327392578,311.9623107910156,340.692138671875,194.312744140625,8.814916610717773
2026-04-02,316.5060729980469,117.13999938964844,347.6655578613281,217.5,149.11000061035156,1312.6614990234375,22.05810546875,314.0529479980469,101.44999694824219,116.22113037109375,50.380001068115234,151.31961059570312,218.28623962402344,64.88202667236328,1116.7860107421875,107.0300064086914,238.3000030517578,366.18365478515625,177.18348693847656,442.239990234375,193.89230346679688,62.189998626708984,125.64954376220703,93.02999877929688,34.28134536743164,54.714569091796875,309.3742370605469,338.2478942871094,192.897216796875,8.520103454589844
2026-04-06,325.47412109375,117.98999786376953,351.80596923828125,220.17999267578125,148.77000427246094,1299.4873046875,22.325414657592773,313.9331359863281,102.45999908447266,115.50223541259766,50.779998779296875,153.6360321044922,220.4946746826172,66.48429870605469,1178.2322998046875,109.42821502685547,233.0399932861328,377.701904296875,177.43319702148438,445.54998779296875,196.4137420654297,63.4900016784668,124.5892562866211,92.22000122070312,35.400081634521484,55.487850189208984,315.1898193359375,340.9615173339844,197.40113830566406,8.539756774902344
2026-04-07,325.52386474609375,118.98999786376953,353.4920959472656,221.52999877929688,143.86000061035156,1301.9188232421875,21.96900177001953,333.4422607421875,106.79000091552734,118.3678207397461,52.90999984741211,154.51292419433594,224.19207763671875,66.77112579345703,1189.4051513671875,109.29830932617188,236.99000549316406,377.52191162109375,177.89266967773438,444.3599853515625,194.46035766601562,63.790000915527344,122.94430541992188,91.87000274658203,35.63981246948242,54.585689544677734,320.23602294921875,344.5132141113281,197.71791076660156,9.149038314819336
2026-04-08,344.2155456542969,125.45999908447266,384.82958984375,231.82000732421875,148.91000366210938,1416.1214599609375,23.899580001831055,350.0759582519531,110.20999908447266,129.40084838867188,58.95000076293945,166.83224487304688,246.31649780273438,69.95588684082031,1310.939697265625,114.36451721191406,247.0,406.6674499511719,181.8680419921875,475.5199890136719,203.57943725585938,68.37999725341797,126.35310363769531,101.43000030517578,37.93722152709961,56.052940368652344,358.0172119140625,365.04510498046875,206.78517150878906,9.30627155303955
2026-04-09,349.33587646484375,129.4600067138672,396.89166259765625,236.63999938964844,149.7949981689453,1443.61572265625,24.26589584350586,354.34918212890625,107.93000030517578,132.4261932373047,61.720001220703125,172.3110809326172,258.5778503417969,70.44052124023438,1332.17724609375,119.8404312133789,247.7100067138672,421.4451904296875,183.69590759277344,494.0799865722656,204.97470092773438,68.48999786376953,126.5909194946289,105.58000183105469,39.095916748046875,56.07276916503906,363.93267822265625,364.6360778808594,212.80361938476562,9.365234375
2026-04-10,348.1229248046875,149.0500030517578,398.5677795410156,245.0399932861328,148.92999267578125,1473.1529541015625,24.592609405517578,370.9628601074219,119.58999633789062,135.112060546875,62.380001068115234,173.3106689453125,263.4743957519531,70.77679443359375,1351.787353515625,128.45831298828125,258.1099853515625,420.52532958984375,188.41041564941406,496.05999755859375,203.67909240722656,68.6500015258789,126.89810180664062,110.44000244140625,39.4355354309082,55.87449264526367,367.7098083496094,369.734130859375,212.55615234375,9.571603775024414
2026-04-13,347.9936828613281,166.7949981689453,394.8164978027344,246.8300018310547,157.5800018310547,1494.996826171875,26.28557777404785,379.1499328613281,134.36000061035156,137.85781860351562,65.18000030517578,176.45310974121094,267.1318359375,72.7450180053711,1370.139404296875,131.2676239013672,263.6300048828125,426.4944152832031,189.08961486816406,507.0299987792969,207.2968292236328,71.0199966430664,130.0492706298828,113.16000366210938,40.27458953857422,56.01328659057617,369.84820556640625,368.70654296875,214.51611328125,9.532295227050781
2026-04-14,346.591796875,170.60000610351562,394.7266845703125,255.07000732421875,161.22000122070312,1513.0341796875,26.602392196655273,380.17828369140625,159.52000427246094,137.22879028320312,63.810001373291016,179.15957641601562,272.2182312011719,73.68462371826172,1361.3428955078125,133.7969970703125,263.9200134277344,465.5884094238281,196.28123474121094,515.030029296875,209.18043518066406,72.05000305175781,131.63473510742188,121.7300033569336,40.85393524169922,56.786563873291016,365.2317199707031,379.00244140625,216.65423583984375,9.42419719696045
2026-04-15,345.9355773925781,172.08999633789062,393.349853515625,258.1199951171875,159.33999633789062,1476.630859375,26.958805084228516,396.0931091308594,168.35000610351562,136.7894744873047,64.94000244140625,174.3910675048828,264.9733581542969,73.67473602294922,1350.938720703125,134.56680297851562,261.1600036621094,456.15985107421875,198.63848876953125,517.4299926757812,208.68212890625,72.43000030517578,131.8428497314453,120.0199966430664,40.63418197631836,57.430965423583984,364.68212890625,374.2236328125,214.10035705566406,9.777972221374512
2026-04-16,351.76177978515625,170.80999755859375,388.99993896484375,278.260009765625,162.3300018310547,1405.9368896484375,27.32512092590332,397.8403625488281,158.92999267578125,135.71112060546875,68.5,173.06825256347656,260.77630615234375,76.0286865234375,1400.6728515625,133.33709716796875,261.4200134277344,457.1596984863281,198.1190948486328,514.219970703125,213.0074462890625,79.93000030517578,133.2499542236328,120.02999877929688,41.52317810058594,58.1943359375,365.64141845703125,362.5010681152344,220.8414306640625,10.436388969421387
2026-04-17,369.3101501464844,174.0500030517578,396.023681640625,278.3900146484375,166.72999572753906,1454.737060546875,28.305261611938477,405.8976135253906,160.69000244140625,145.83554077148438,68.5,178.71363830566406,267.41162109375,77.89799499511719,1466.1129150390625,139.65554809570312,276.9700012207031,455.0000305175781,201.44520568847656,528.760009765625,215.2996826171875,83.01000213623047,134.96424865722656,126.93000030517578,44.170196533203125,58.48183822631836,380.09039306640625,369.6343688964844,227.493408203125,11.45840835571289
2026-04-20,378.85479736328125,175.8000030517578,390.7159729003906,274.95001220703125,175.10000610351562,1471.379150390625,28.98838996887207,398.9985046386719,174.52999877929688,148.69114685058594,65.69999694824219,180.09832763671875,262.9747619628906,79.51016235351562,1488.588623046875,147.80352783203125,281.0799865722656,448.3510437011719,201.82476806640625,532.1699829101562,220.5917205810547,85.55999755859375,136.2722930908203,126.87000274658203,44.4099235534668,58.947784423828125,374.92431640625,365.3843078613281,231.3341064453125,12.421464920043945
2026-04-21,373.1081237792969,191.97000122070312,393.419677734375,284.489990234375,175.49000549316406,1453.909912109375,29.30520248413086,401.5345153808594,183.32000732421875,146.76412963867188,66.26000213623047,178.1081085205078,258.1881103515625,80.04424285888672,1525.6220703125,151.27267456054688,285.7099914550781,449.3109130859375,199.64732360839844,527.75,223.7410430908203,86.91000366210938,134.33006286621094,130.4499969482422,44.25010299682617,59.423648834228516,379.6407470703125,367.2200012207031,230.7896728515625,12.11682415008545
2026-04-22,379.22271728515625,194.05999755859375,402.548583984375,303.4599914550781,196.57000732421875,1438.653076171875,29.651716232299805,421.98211669921875,189.49000549316406,147.70266723632812,65.2699966430664,180.77069091796875,265.3630676269531,81.57728576660156,1519.72119140625,157.2812042236328,277.0,487.4050598144531,202.26426696777344,521.1199951171875,224.98681640625,88.98999786376953,134.83543395996094,131.5500030517578,44.80947494506836,61.23788833618164,384.8867492675781,386.5347900390625,233.9176788330078,12.490254402160645
2026-04-23,401.5533142089844,197.5399932861328,402.97760009765625,305.3299865722656,204.61000061035156,1412.8826904296875,29.51310920715332,419.27642822265625,185.5399932861328,149.10052490234375,66.77999877929688,181.1068878173828,258.37799072265625,89.64797973632812,1589.744384765625,165.5191650390625,284.3999938964844,481.64593505859375,199.4075927734375,522.9099731445312,240.3447265625,97.77999877929688,132.7346649169922,138.5,49.65401077270508,61.01978302001953,400.6846923828125,381.7659606933594,279.372802734375,11.792530059814453
2026-04-24,397.2681579589844,212.83999633789062,416.0772705078125,347.80999755859375,234.80999755859375,1452.644287109375,31.681299209594727,422.09197998046875,195.0399932861328,155.74029541015625,82.54000091552734,193.03517150878906,267.59149169921875,88.46111297607422,1629.5736083984375,164.26947021484375,287.6400146484375,496.64361572265625,208.0275421142578,542.9500122070312,243.21498107910156,98.4000015258789,147.49948120117188,158.39999389648438,50.41315841674805,63.10169219970703,417.7616882324219,401.5196838378906,274.3343811035156,12.067688941955566
2026-04-27,390.3283386230469,196.63999938964844,403.9253845214844,334.6300048828125,215.8800048828125,1430.5897216796875,30.542753219604492,417.5391845703125,180.5,156.19960021972656,84.98999786376953,189.5435791015625,259.287353515625,85.88956451416016,1585.1512451171875,158.17098999023438,279.44000244140625,524.4793090820312,216.3578338623047,530.2999877929688,236.0692138671875,98.04000091552734,148.8966827392578,141.30999755859375,50.503055572509766,61.584869384765625,401.6939392089844,404.0338134765625,266.77166748046875,11.487889289855957
2026-04-28,381.0520935058594,183.30999755859375,380.2301940917969,323.2099914550781,198.64999389648438,1382.771728515625,29.780420303344727,399.19818115234375,165.9199981689453,144.4976043701172,84.5199966430664,180.4624481201172,251.0531463623047,83.33780670166016,1501.7884521484375,153.19219970703125,265.6099853515625,504.21246337890625,212.92184448242188,498.95001220703125,229.6111297607422,93.30000305175781,148.63905334472656,111.2699966430664,49.753902435302734,60.45469284057617,379.840576171875,391.42333984375,262.3172607421875,11.45840835571289
2026-04-29,387.0672607421875,196.85000610351562,381.706787109375,337.1099853515625,201.69000244140625,1392.279296875,30.285341262817383,404.809326171875,175.77000427246094,149.2435760498047,94.75,181.18470764160156,248.57489013671875,89.18311309814453,1524.5137939453125,156.53138732910156,269.6300048828125,518.3803100585938,209.00640869140625,501.4700012207031,288.27215576171875,98.86000061035156,154.58460998535156,112.16000366210938,52.61067581176758,62.12022018432617,306.0967712402344,392.90985107421875,266.4945373535156,12.529562950134277
2026-04-30,399.9426574707031,194.74000549316406,393.5793151855469,354.489990234375,210.32000732421875,1437.13134765625,31.09717559814453,416.7703857421875,174.00999450683594,141.26034545898438,94.4800033569336,174.61453247070312,257.678466796875,91.89313507080078,1611.950439453125,165.10926818847656,281.6099853515625,517.0804443359375,199.33767700195312,500.42999267578125,292.59747314453125,100.80999755859375,177.95066833496094,115.11000061035156,55.07789611816406,69.56552124023438,343.20849609375,395.1346435546875,278.23443603515625,12.834203720092773
2026-05-01,395.39898681640625,202.67999267578125,388.1817932128906,360.5400085449219,211.17999267578125,1425.1768798828125,31.27538299560547,420.6142883300781,184.3800048828125,142.16957092285156,99.62000274658203,172.21131896972656,256.5392761230469,92.92174530029297,1581.0675048828125,164.90931701660156,284.17999267578125,542.1266479492188,198.21897888183594,494.489990234375,294.24188232421875,103.02999877929688,175.40399169921875,111.93000030517578,55.68721008300781,68.80216217041016,345.1570129394531,396.74090576171875,278.175048828125,12.824377059936523
2026-05-04,394.7328186035156,201.25,390.47650146484375,341.5400085449219,203.25999450683594,1384.41943359375,31.95850944519043,415.84185791015625,180.05999755859375,138.8424072265625,95.77999877929688,170.92042541503906,258.38800048828125,94.2569808959961,1570.903076171875,163.61964416503906,291.7200012207031,576.3613891601562,198.24893188476562,492.2900085449219,289.77703857421875,102.04000091552734,166.852294921875,111.5,55.067909240722656,68.25689697265625,337.1830749511719,400.6716613769531,278.04638671875,12.755586624145508
2026-05-05,402.43817138671875,215.69000244140625,409.87164306640625,355.260009765625,208.83999633789062,1441.0562744140625,33.106956481933594,426.6846923828125,193.57000732421875,149.1636505126953,108.1500015258789,172.87371826171875,275.6058349609375,97.40216827392578,1585.7005615234375,168.7083740234375,303.57000732421875,640.1015625,196.271240234375,515.6699829101562,291.3616638183594,102.66999816894531,184.857421875,118.0,57.1156005859375,71.9349365234375,356.828125,393.488525390625,279.568603515625,13.767779350280762
2026-05-06,413.2356262207031,213.91000366210938,427.6305236816406,421.3900146484375,237.3000030517578,1542.7447509765625,33.819786071777344,424.7677307128906,198.2899932861328,155.72808837890625,113.01000213623047,181.19268798828125,296.9608154296875,101.7935791015625,1649.8326416015625,172.10752868652344,309.80999755859375,666.487548828125,207.5880584716797,534.5399780273438,302.5238037109375,105.7699966430664,190.82281494140625,130.0399932861328,57.88473129272461,64.41032409667969,382.1888122558594,418.5198974609375,287.9656066894531,14.96668529510498
2026-05-07,406.16656494140625,195.64999389648438,409.69207763671875,408.4599914550781,213.30999755859375,1514.64111328125,33.00795364379883,411.9080810546875,188.2899932861328,147.5350341796875,109.62000274658203,175.90142822265625,286.31829833984375,100.4682388305664,1573.5589599609375,159.9705352783203,344.4700012207031,646.5305786132812,211.2537841796875,504.5400085449219,289.2388610839844,100.61000061035156,200.71226501464844,126.5999984741211,55.83704376220703,64.47972106933594,353.84039306640625,413.182373046875,283.7869873046875,14.897895812988281
2026-05-08,414.1204833984375,199.7899932861328,434.434814453125,455.19000244140625,213.27000427246094,1589.9637451171875,33.88908767700195,429.3205261230469,188.5050048828125,148.9838104248047,124.91999816894531,186.46998596191406,293.8429870605469,98.0054931640625,1598.401123046875,170.08804321289062,359.8800048828125,746.6951293945312,214.94947814941406,521.1599731445312,293.7535400390625,103.19999694824219,217.10218811035156,129.25,59.103355407714844,66.20472717285156,359.4960632324219,410.7181396484375,286.33392333984375,15.153401374816895
2026-05-11,420.29473876953125,207.35000610351562,442.5959167480469,458.7900085449219,212.64999389648438,1563.78759765625,34.94843292236328,427.75299072265625,210.22000122070312,149.0237579345703,129.44000244140625,184.0757293701172,295.8415832519531,97.94615173339844,1658.5693359375,170.79786682128906,365.8800048828125,795.2077026367188,219.18453979492188,526.010009765625,304.9555358886719,107.23999786376953,235.3748779296875,134.50999450683594,60.05228805541992,69.52587127685547,366.3608703613281,403.5948486328125,296.24322509765625,15.320462226867676
2026-05-12,417.2324523925781,204.4199981689453,430.20458984375,448.2900085449219,207.9199981689453,1518.9754638671875,33.93859100341797,418.6374206542969,198.57000732421875,145.18701171875,120.61000061035156,180.69985961914062,289.036376953125,96.63070678710938,1597.0831298828125,164.4594268798828,362.760009765625,766.462158203125,220.52297973632812,493.19000244140625,293.2353210449219,104.11000061035156,208.40185546875,130.27999877929688,57.86475372314453,65.73877716064453,358.1770935058594,396.351806640625,293.6664123535156,15.78233528137207
2026-05-13,429.8990783691406,224.08999633789062,435.6020812988281,445.5,221.2100067138672,1579.537109375,35.11674118041992,416.13140869140625,189.36000061035156,144.917236328125,120.29000091552734,184.5266571044922,295.2320251464844,95.65154266357422,1647.835693359375,177.90611267089844,381.54998779296875,803.5064086914062,225.56710815429688,503.6499938964844,297.40118408203125,115.70999908447266,211.23590087890625,134.85000610351562,63.318603515625,67.55300903320312,363.10333251953125,398.86590576171875,304.7795104980469,15.644756317138672
2026-05-14,424.3313293457031,228.63999938964844,439.5429992675781,449.70001220703125,228.5,1582.46337890625,34.898929595947266,439.0950622558594,184.5399932861328,139.1421356201172,115.93000030517578,188.8392791748047,298.9394226074219,95.9779281616211,1611.5111083984375,182.53497314453125,383.55999755859375,775.8906860351562,235.465576171875,556.1099853515625,293.175537109375,118.37000274658203,198.26467895507812,130.4600067138672,64.30748748779297,66.48231506347656,356.2785339355469,416.7440490722656,306.6001892089844,16.83383560180664
2026-05-15,415.08489990234375,232.67999267578125,435.612060546875,424.1000061035156,209.16000366210938,1499.8702392578125,33.47327423095703,424.51812744140625,172.1699981689453,132.95738220214844,108.7699966430664,179.99856567382812,284.51959228515625,92.82284545898438,1547.6585693359375,176.84637451171875,375.6000061035156,724.5485229492188,225.05770874023438,509.1499938964844,290.5145263671875,113.11000061035156,199.66188049316406,127.05000305175781,61.34083557128906,67.93965148925781,337.6227722167969,403.4053039550781,301.1878967285156,16.90262794494629
2026-05-18,416.1686096191406,215.5800018310547,412.61529541015625,420.989990234375,215.1199951171875,1470.48828125,31.33478546142578,420.0451965332031,156.27000427246094,127.10234069824219,108.16999816894531,175.4467010498047,277.7643127441406,91.7447738647461,1484.0655517578125,168.88832092285156,356.25,681.4351806640625,222.0612030029297,486.75,290.69390869140625,109.43000030517578,201.79237365722656,123.76000213623047,60.89134216308594,69.74397277832031,320.8055725097656,395.0249328613281,299.0687561035156,16.824010848999023
2026-05-19,411.9232177734375,244.25999450683594,405.9706726074219,414.04998779296875,223.14999389648438,1457.554931640625,30.582353591918945,410.4204406738281,168.99000549316406,124.1148681640625,110.80000305175781,173.8614959716797,273.18756103515625,90.80516815185547,1465.873291015625,176.22653198242188,358.9800109863281,698.632568359375,220.35317993164062,472.489990234375,293.2851257324219,106.0199966430664,193.83522033691406,122.02999877929688,61.16103744506836,69.74397277832031,321.27520751953125,391.69268798828125,300.77001953125,17.27605628967285
2026-05-20,395.75689697265625,287.4800109863281,425.8646240234375,447.5799865722656,256.7300109863281,1548.1278076171875,31.374387741088867,417.0998840332031,182.97999572753906,127.5919189453125,118.95999908447266,182.74046325683594,291.8843994140625,92.99097442626953,1550.903564453125,186.75393676757812,375.7099914550781,731.87744140625,223.20985412597656,494.0299987792969,309.1014709472656,110.20999908447266,200.67262268066406,133.55999755859375,64.85687255859375,73.70951843261719,344.0778503417969,400.6816711425781,303.3269348144531,17.25640106201172
2026-05-21,381.9966125488281,297.8399963378906,426.90350341796875,449.5899963378906,298.2300109863281,1589.9437255859375,32.31492614746094,413.9149169921875,193.38999938964844,131.27879333496094,118.5,184.01002502441406,302.0272216796875,90.11283111572266,1558.8714599609375,190.64297485351562,380.45001220703125,761.9827880859375,219.25445556640625,496.5,298.3678894042969,109.61000061035156,211.47373962402344,141.82000732421875,65.58605194091797,72.906494140625,353.3042907714844,406.19873046875,296.8700256347656,18.032743453979492
2026-05-22,394.78253173828125,306.8800048828125,431.6983947753906,467.510009765625,306.510009765625,1630.7908935546875,34.463314056396484,413.485595703125,218.41000366210938,135.16551208496094,119.83999633789062,188.6248016357422,305.13507080078125,92.8712387084961,1587.387939453125,196.28158569335938,385.9800109863281,750.884521484375,215.07933044433594,503.489990234375,315.4001159667969,116.19999694824219,235.99917602539062,142.97999572753906,66.78469848632812,81.70999908447266,358.3023681640625,403.57489013671875,307.6348876953125,17.904991149902344
2026-05-26,417.5207824707031,318.7200012207031,454.40411376953125,503.8900146484375,321.2200012207031,1629.9219970703125,38.56208038330078,421.3431701660156,221.63999938964844,141.9997100830078,123.5199966430664,200.91192626953125,322.4528503417969,97.46360778808594,1660.4464111328125,208.20863342285156,409.67999267578125,895.7422485351562,214.60987854003906,527.25,331.5453796386719,127.0,246.5624542236328,157.22999572753906,70.61038208007812,83.41999816894531,388.9906005859375,411.3566589355469,323.2350158691406,20.715543746948242
2026-05-27,414.4784240722656,325.3299865722656,447.77117919921875,495.5400085449219,302.7099914550781,1595.80615234375,38.680885314941406,421.193359375,221.22999572753906,139.8815155029297,121.7699966430664,195.49803161621094,318.7054748535156,96.27078247070312,1617.7017822265625,198.65098571777344,400.6600036621094,928.2672119140625,212.35250854492188,512.1500244140625,328.126953125,124.88999938964844,231.2823486328125,148.66000366210938,67.67369079589844,78.68000030517578,375.6856689453125,421.7423400878906,315.8329162597656,21.835834503173828
2026-05-28,416.59619140625,349.1700134277344,449.19964599609375,518.0900268554688,335.2699890136719,1603.6959228515625,40.195648193359375,425.9059143066406,222.35000610351562,138.3228302001953,120.88999938964844,192.54537963867188,317.7761535644531,95.46562957763672,1630.681884765625,204.77947998046875,391.0899963378906,923.3779907226562,214.00057983398438,505.9700012207031,329.1634216308594,123.7699966430664,241.08262634277344,148.02000427246094,69.37177276611328,81.41000366210938,382.5030517578125,423.8673400878906,314.340576171875,22.28788185119629
2026-05-29,411.46588134765625,342.8500061035156,449.5792541503906,516.0999755859375,353.2900085449219,1610.6768798828125,37.968055725097656,446.06402587890625,236.02999877929688,138.6725311279297,114.68000030517578,191.9540557861328,317.9560241699219,94.08393859863281,1563.8238525390625,204.94943237304688,364.6400146484375,970.8507080078125,210.8942108154297,502.3299865722656,320.2636413574219,120.62000274658203,248.7425079345703,145.4600067138672,69.23193359375,77.8499984741211,374.166259765625,417.47235107421875,304.12286376953125,21.796525955200195
2026-06-01,400.3701477050781,320.0899963378906,457.68060302734375,510.1300048828125,408.8500061035156,1626.4664306640625,37.78984832763672,459.2431640625,226.10000610351562,135.61512756347656,109.33000183105469,193.78497314453125,316.8967590332031,90.97265625,1540.0401611328125,219.37586975097656,353.7900085449219,1035.3408203125,224.09881591796875,481.82000732421875,310.32733154296875,120.91999816894531,226.91238403320312,147.47999572753906,68.9422607421875,75.48999786376953,369.328125,434.6122131347656,291.7064514160156,22.494251251220703
2026-06-02,421.91455078125,355.760009765625,489.5265197753906,521.5399780273438,402.7099914550781,1703.167236328125,38.86899185180664,480.8090515136719,229.0,142.79904174804688,107.93000030517578,204.2891082763672,334.1745910644531,96.380126953125,1622.5142822265625,290.7182922363281,382.3500061035156,1063.936279296875,222.56060791015625,523.1300048828125,322.52593994140625,128.63999938964844,238.65484619140625,166.77999877929688,79.42044830322266,79.12000274658203,392.46923828125,445.6463623046875,306.5504455566406,22.071683883666992
2026-06-03,436.340576171875,363.5400085449219,500.2350769042969,542.52001953125,411.8299865722656,1724.130126953125,39.51251983642578,478.4727478027344,214.60000610351562,140.21124267578125,112.70999908447266,212.27108764648438,343.4680480957031,95.97257995605469,1687.3154296875,301.5755920410156,390.3399963378906,1079.4039306640625,214.5,530.0399780273438,320.7918395996094,133.92999267578125,247.7416534423828,170.66000366210938,79.62022399902344,80.66000366210938,409.5127258300781,435.66973876953125,307.0180358886719,21.049665451049805
2026-06-04,427.4576416015625,358.04998779296875,501.16412353515625,523.2000122070312,393.44000244140625,1755.199951171875,38.01755905151367,418.248046875,217.5,139.76162719726562,111.77999877929688,212.86940002441406,336.1731872558594,95.72407531738281,1650.082275390625,316.3519592285156,382.739990234375,995.8468627929688,218.66000366210938,520.4000244140625,321.13067626953125,131.82000732421875,241.2569580078125,169.35000610351562,78.27174377441406,79.93000030517578,406.7037658691406,443.8805236816406,303.814453125,20.430559158325195
2026-06-05,400.1707763671875,317.05999755859375,452.526123046875,466.3800048828125,342.92999267578125,1639.6195068359375,33.69108200073242,385.1204833984375,206.88999938964844,125.30386352539062,99.16999816894531,192.7021942138672,303.0664978027344,87.81167602539062,1478.793701171875,263.405029296875,345.3999938964844,863.8771362304688,205.10000610351562,475.760009765625,294.9594421386719,117.26000213623047,214.77110290527344,145.30999755859375,70.64035034179688,73.56999969482422,357.7925720214844,414.20001220703125,283.60791015625,19.359403610229492
2026-06-08,402.6632080078125,346.3299865722656,491.644287109375,490.3299865722656,346.3900146484375,1746.7808837890625,35.16624069213867,395.9732971191406,222.27000427246094,132.59768676757812,110.2699966430664,210.56800842285156,324.22161865234375,90.82356262207031,1556.8046875,288.7787780761719,361.8599853515625,949.134033203125,208.63999938964844,507.9599914550781,300.1219787597656,120.9000015258789,216.59120178222656,152.02999877929688,74.92552185058594,75.37000274658203,374.546142578125,425.8028259277344,289.41815185546875,19.654216766357422
2026-06-09,403.3909606933594,341.70001220703125,498.6767578125,475.510009765625,324.8599853515625,1775.4737548828125,34.73062515258789,391.5403137207031,234.32000732421875,134.23629760742188,107.91999816894531,213.69546508789062,326.9297180175781,90.92295837402344,1529.64599609375,266.8141784667969,358.7200012207031,935.74609375,208.19000244140625,514.489990234375,296.4045715332031,117.0,204.30804443359375,146.83999633789062,73.23741912841797,73.55999755859375,369.0682373046875,426.92022705078125,287.15972900390625,19.536291122436523
2026-06-10,391.4772644042969,330.8599853515625,496.4791259765625,452.3999938964844,307.42999267578125,1731.949951171875,33.95839309692383,371.51202392578125,237.67999267578125,128.77093505859375,107.04000091552734,213.32289123535156,321.5734558105469,87.3842544555664,1470.7958984375,252.52769470214844,354.3999938964844,891.7428588867188,200.4199981689453,508.3500061035156,284.5946044921875,110.16999816894531,190.16502380371094,138.1199951171875,70.66032409667969,70.29000091552734,347.45654296875,407.7950134277344,280.5734558105469,18.57323455810547
2026-06-11,410.8781433105469,367.4700012207031,552.0496826171875,488.45001220703125,342.2300109863281,1897.0264892578125,36.433494567871094,384.9607238769531,264.760009765625,144.79734802246094,116.95999908447266,240.89173889160156,362.2648010253906,92.38417053222656,1587.12841796875,280.6407470703125,374.760009765625,995.7168579101562,204.8699951171875,559.6199951171875,301.52716064453125,115.95999908447266,201.8613739013672,144.47000122070312,78.03202056884766,72.7300033569336,381.2535400390625,421.07000732421875,295.5865783691406,20.322460174560547
2026-06-12,416.5209655761719,367.1499938964844,566.6441040039062,511.57000732421875,380.80999755859375,1861.14306640625,37.7403450012207,381.4662780761719,250.80999755859375,150.39260864257812,124.56999969482422,254.25262451171875,366.5517883300781,94.67041015625,1574.9168701171875,279.6310119628906,379.8699951171875,981.4590454101562,205.19000244140625,583.0499877929688,303.829345703125,116.79000091552734,210.57394409179688,146.55999755859375,77.21294403076172,73.97000122070312,403.0451965332031,423.92999267578125,299.5860900878906,21.25603485107422
2026-06-15,426.2812194824219,389.20001220703125,585.154296875,547.260009765625,412.54998779296875,1890.2154541015625,38.11656188964844,393.3175048828125,259.4100036621094,162.75213623046875,127.86000061035156,256.1305236816406,388.646240234375,99.72003173828125,1649.7728271484375,308.8038330078125,384.7699890136719,1087.8226318359375,212.4499969482422,605.6500244140625,314.8121337890625,125.9000015258789,219.61474609375,143.2899932861328,78.86107635498047,76.26000213623047,432.24395751953125,441.3999938964844,311.74383544921875,22.680965423583984
2026-06-16,414.73638916015625,361.7099914550781,567.6229858398438,507.2900085449219,396.3399963378906,1801.56005859375,36.47309494018555,376.1147155761719,239.17999267578125,151.481689453125,117.05000305175781,237.0620574951172,369.08001708984375,95.05807495117188,1496.4866943359375,278.6012878417969,368.32000732421875,1020.60302734375,207.41000366210938,550.6900024414062,301.8660583496094,118.25,212.91123962402344,132.47999572753906,74.4660415649414,71.41999816894531,409.1928405761719,425.8299865722656,304.1527099609375,21.2462100982666
2026-06-17,413.19110107421875,374.67999267578125,592.28662109375,512.47998046875,418.8800048828125,1865.4173583984375,37.06711959838867,392.2791442871094,249.3300018310547,157.2068328857422,121.0999984741211,238.46047973632812,374.17999267578125,93.54717254638672,1446.003662109375,289.4685974121094,367.1099853515625,1043.029541015625,204.64999389648438,554.4199829101562,297.19189453125,112.91999816894531,211.8171844482422,130.10000610351562,73.27737426757812,69.37999725341797,408.4031066894531,432.1499938964844,300.34222412109375,21.383787155151367
2026-06-18,433.14031982421875,417.07000732421875,616.4508056640625,537.3699951171875,439.4599914550781,1927.1876220703125,40.15604782104492,410.70001220703125,271.8299865722656,178.61871337890625,133.99000549316406,259.2669677734375,389.0400085449219,99.1733169555664,1561.317626953125,310.5033874511719,391.4100036621094,1133.8155517578125,210.69000244140625,575.3099975585938,312.2109375,121.62000274658203,224.88604736328125,141.1699981689453,78.30171203613281,72.44999694824219,437.7518615722656,462.1199951171875,321.21533203125,23.663677215576172
2026-06-22,444.1268615722656,439.6600036621094,639.4961547851562,551.6300048828125,407.7200012207031,1926.7581787109375,43.185569763183594,392.1300048828125,302.5199890136719,183.84426879882812,140.94000244140625,268.85614013671875,409.5400085449219,102.09573364257812,1535.537109375,307.7840576171875,396.260009765625,1211.1937255859375,208.64999389648438,583.0999755859375,322.147216796875,131.5500030517578,220.69883728027344,140.35000610351562,79.81999969482422,76.18000030517578,456.82452392578125,467.6700134277344,330.5873718261719,27.024547576904297
2026-06-23,406.02294921875,397.0199890136719,585.2542114257812,519.8499755859375,366.3900146484375,1776.162841796875,39.37391662597656,380.1499938964844,272.0050048828125,168.07763671875,132.27999877929688,244.2139892578125,371.3299865722656,92.70225524902344,1421.5909423828125,278.97119140625,372.1499938964844,1051.6082763671875,200.0399932861328,527.8800048828125,298.9259948730469,117.05999755859375,203.02503967285156,128.2100067138672,72.43000030517578,73.44000244140625,419.95867919921875,436.3900146484375,302.8095703125,25.747024536132812
2026-06-24,411.905029296875,399.9200134277344,588.3408203125,519.739990234375,359.0799865722656,1760.4931640625,40.928279876708984,382.07000732421875,268.989990234375,171.3148956298828,131.64999389648438,240.20849609375,374.79998779296875,91.92692565917969,1432.7637939453125,276.63177490234375,373.0799865722656,1048.3487548828125,199.0,521.9299926757812,294.05999755859375,115.73999786376953,196.34141540527344,124.5199966430664,71.83999633789062,71.4000015258789,427.0359802246094,440.8299865722656,301.5659484863281,27.52573013305664
2026-06-25,416.6605224609375,398.0,667.2864379882812,532.5700073242188,347.7099914550781,1838.8018798828125,41.433197021484375,378.9100036621094,268.0299987792969,176.1308135986328,132.8699951171875,258.5078125,401.82000732421875,93.55711364746094,1436.1087646484375,281.1906433105469,390.19000244140625,1213.3734130859375,195.74000549316406,534.239990234375,298.6400146484375,118.73999786376953,203.79086303710938,123.69000244140625,74.87999725341797,69.94000244140625,471.7787780761719,434.989990234375,310.2216491699219,27.25057029724121
2026-06-26,385.7347717285156,391.739990234375,626.1704711914062,521.5800170898438,334.2699890136719,1792.302001953125,39.809532165527344,365.0199890136719,238.0,161.29336547851562,128.32000732421875,248.3592987060547,379.0899963378906,87.40412902832031,1311.319091796875,266.7041931152344,369.17999267578125,1132.1558837890625,192.52999877929688,488.5799865722656,277.0199890136719,90.6500015258789,188.3648223876953,114.7300033569336,71.41999816894531,68.0,436.6922302246094,432.3500061035156,283.97601318359375,25.13774299621582
2026-06-29,390.5899658203125,455.9599914550781,693.8980102539062,539.489990234375,343.5799865722656,1880.677734375,41.710411071777344,372.45001220703125,245.67999267578125,170.89523315429688,131.72000122070312,278.0757141113281,410.9100036621094,88.5273666381836,1310.77001953125,277.6814880371094,372.5899963378906,1145.1038818359375,194.97000122070312,520.3900146484375,278.3699951171875,88.56999969482422,187.69845581054688,123.9000015258789,74.79000091552734,67.70999908447266,463.0321350097656,455.1000061035156,284.0257873535156,26.375959396362305
2026-06-30,395.9635925292969,483.0199890136719,722.2277221679688,580.9099731445312,354.57000732421875,1986.870361328125,44.670631408691406,377.75,271.95001220703125,179.70777893066406,139.6300048828125,301.3693542480469,433.3299865722656,90.65457153320312,1382.3599853515625,297.8165283203125,380.3699951171875,1154.112548828125,200.08999633789062,542.9400024414062,281.0299987792969,94.54000091552734,183.7897186279297,132.74000549316406,74.88999938964844,67.80000305175781,483.6542053222656,477.57000732421875,296.5516357421875,26.739561080932617
2026-07-01,387.7984924316406,430.8599853515625,650.2146606445312,540.8800048828125,337.4700012207031,1840.6595458984375,42.56184768676758,369.3399963378906,259.0899963378906,165.05020141601562,127.0199966430664,265.8894958496094,391.260009765625,88.15958404541016,1331.72998046875,271.9828796386719,350.6300048828125,1032.121337890625,197.5800018310547,502.6000061035156,279.17999267578125,94.62999725341797,180.9352569580078,123.83000183105469,70.72000122070312,65.93000030517578,427.1759033203125,444.2300109863281,296.889892578125,25.26549530029297
2026-07-02,376.0143737792969,406.4200134277344,602.3958129882812,517.8200073242188,315.2799987792969,1767.03466796875,41.452999114990234,360.45001220703125,241.91000366210938,146.535888671875,120.3499984741211,235.28407287597656,351.4100036621094,84.13380432128906,1288.1600341796875,245.2294921875,322.260009765625,975.4099731445312,194.8300018310547,470.1400146484375,273.3599853515625,91.22000122070312,175.2959442138672,112.91999816894531,68.3499984741211,62.560001373291016,368.9482727050781,434.1600036621094,291.5870361328125,24.115724563598633
2026-07-06,387.64892578125,432.739990234375,592.1567993164062,552.0499877929688,322.239990234375,1822.712646484375,43.31999969482422,373.8999938964844,265.54998779296875,145.04713439941406,122.19999694824219,233.04660034179688,350.20001220703125,87.066162109375,1346.1300048828125,249.20852661132812,327.6400146484375,984.75,195.5500030517578,466.6300048828125,280.510009765625,94.69000244140625,185.47056579589844,113.25,71.38999938964844,61.90999984741211,379.374267578125,451.7900085449219,301.9539794921875,25.383420944213867
2026-07-07,377.8786926269531,382.8900146484375,553.90771484375,516.1099853515625,300.42999267578125,1745.023193359375,39.650001525878906,370.7799987792969,246.39999389648438,134.96568298339844,110.38999938964844,216.22561645507812,326.1300048828125,83.64673614501953,1272.81005859375,230.64309692382812,304.82000732421875,938.3800048828125,196.92999267578125,446.42999267578125,273.1499938964844,91.0999984741211,181.9795684814453,105.93000030517578,67.27999877929688,59.7599983215332,342.9782409667969,432.57000732421875,291.805908203125,23.417999267578125
2026-07-08,384.2293395996094,393.1600036621094,569.890625,517.4099731445312,300.239990234375,1766.3656005859375,39.93000030517578,388.69000244140625,258.69000244140625,138.60260009765625,110.23999786376953,220.93028259277344,333.1499938964844,84.97872161865234,1315.510009765625,231.65286254882812,305.2300109863281,948.7999877929688,204.1199951171875,451.989990234375,283.80999755859375,93.79000091552734,185.55014038085938,109.63999938964844,68.54000091552734,58.4900016784668,351.4350280761719,436.9800109863281,299.78509521484375,24.729999542236328
2026-07-09,392.4443359375,417.45001220703125,588.0311889648438,546.719970703125,327.8699951171875,1801.9195556640625,43.25,401.1099853515625,265.6499938964844,145.9763641357422,112.54000091552734,229.26087951660156,353.1700134277344,87.73216247558594,1374.1300048828125,243.2100067138672,317.3500061035156,991.6400146484375,202.77999877929688,473.989990234375,290.5400085449219,97.87000274658203,190.0755157470703,114.12999725341797,71.38999938964844,59.95000076293945,362.6107177734375,436.9599914550781,306.9583435058594,24.860000610351562
2026-07-10,394.4482116699219,412.9700012207031,601.8564453125,557.8900146484375,323.3900146484375,1794.9984130859375,42.65999984741211,399.9700012207031,257.7900085449219,145.22698974609375,109.83999633789062,231.2586212158203,350.3299865722656,88.0601806640625,1352.739990234375,235.80999755859375,308.5199890136719,979.2999877929688,210.9600067138672,475.8999938964844,292.260009765625,95.95999908447266,188.1360626220703,112.0999984741211,71.45999908447266,60.380001068115234,359.4619445800781,434.1099853515625,309.8734130859375,24.34000015258789
2026-07-13,384.8374938964844,362.04998779296875,574.775390625,534.3900146484375,298.989990234375,1723.8106689453125,40.560001373291016,384.04998779296875,236.8800048828125,136.15467834472656,103.12000274658203,221.99908447265625,329.9200134277344,83.72626495361328,1291.3800048828125,217.52999877929688,294.239990234375,937.0,203.52999877929688,452.7300109863281,278.3900146484375,90.37000274658203,182.98410034179688,103.11000061035156,68.47000122070312,58.2400016784668,340.97900390625,421.5799865722656,297.0491027832031,23.459999084472656
2026-07-14,391.5570068359375,361.7799987792969,595.063720703125,548.1300048828125,281.1700134277344,1773.3465576171875,40.36000061035156,389.1099853515625,236.17999267578125,140.510986328125,107.76000213623047,230.1099090576172,346.1000061035156,86.58903503417969,1376.4100341796875,222.44000244140625,301.760009765625,983.1199951171875,211.8000030517578,473.5400085449219,283.8699951171875,93.7300033569336,177.1359405517578,105.37999725341797,70.12999725341797,56.58000183105469,353.0943908691406,420.3900146484375,303.9935302734375,23.84000015258789
2026-07-15,389.7724304199219,350.6199951171875,578.81103515625,529.1400146484375,277.010009765625,1812.9254150390625,40.720001220703125,394.2799987792969,226.74000549316406,138.5726318359375,102.98999786376953,224.24655151367188,335.42999267578125,85.7441177368164,1352.6600341796875,206.25999450683594,293.0199890136719,904.280029296875,212.5,472.4800109863281,279.010009765625,92.54000091552734,177.01658630371094,102.88999938964844,67.75,57.5099983215332,341.9886169433594,419.4800109863281,299.6557312011719,24.920000076293945
2026-07-16,379.3741455078125,319.739990234375,560.330810546875,500.94000244140625,262.010009765625,1782.5645751953125,39.5099983215332,374.45001220703125,207.97000122070312,134.486083984375,96.9800033569336,219.12232971191406,320.9599914550781,81.1915054321289,1305.6500244140625,188.3000030517578,275.489990234375,853.2000122070312,207.39999389648438,451.1300048828125,270.6600036621094,88.12000274658203,169.6864776611328,101.41999816894531,62.77000045776367,57.630001068115234,322.1762390136719,409.739990234375,289.7365417480469,22.290000915527344
2026-07-17,374.2198181152344,303.6199951171875,529.0941772460938,495.760009765625,267.19000244140625,1745.32275390625,38.40999984741211,370.8299865722656,202.67999267578125,138.62258911132812,95.04000091552734,212.5098114013672,313.29998779296875,80.47581481933594,1312.0,188.67999267578125,267.3599853515625,848.9500122070312,202.80999755859375,437.4599914550781,266.5299987792969,87.37000274658203,170.8501434326172,101.44000244140625,62.060001373291016,59.349998474121094,322.2362060546875,398.3699951171875,282.57318115234375,21.25
2026-07-20,371.3286437988281,309.0899963378906,525.1384887695312,503.57000732421875,269.6099853515625,1736.7738037109375,36.900001525878906,378.1600036621094,212.07000732421875,133.6767578125,97.05999755859375,207.36563110351562,306.760009765625,80.02851104736328,1328.800048828125,194.94000244140625,269.79998779296875,865.4600219726562,203.27999877929688,433.1700134277344,267.17999267578125,86.69999694824219,169.39805603027344,100.8499984741211,61.779998779296875,59.79999923706055,333.6318664550781,402.29998779296875,282.6229553222656,20.299999237060547
2026-07-21,381.647216796875,319.7900085449219,563.9469604492188,544.4299926757812,289.7300109863281,1799.18310546875,40.0099983215332,386.5,223.8699951171875,140.05136108398438,105.44999694824219,217.3143768310547,322.0,82.88134002685547,1383.260009765625,207.9600067138672,283.0299987792969,970.8200073242188,207.2899932861328,453.1000061035156,273.1499938964844,91.05999755859375,172.5608367919922,105.79000091552734,65.43000030517578,62.95000076293945,373.8963928222656,424.6099853515625,289.81610107421875,21.190000534057617
2026-07-22,385.5553283691406,330.8949890136719,553.3283081054688,552.3300170898438,283.3999938964844,1799.5325927734375,40.4900016784668,396.80999755859375,228.27000427246094,137.3636474609375,102.62000274658203,214.44761657714844,319.2900085449219,84.51152801513672,1398.449951171875,210.99000549316406,282.6199951171875,959.47998046875,212.05999755859375,454.4200134277344,278.79998779296875,92.33000183105469,174.67930603027344,103.83000183105469,65.7699966430664,63.15999984741211,369.318115234375,421.2099914550781,292.69140625,21.290000915527344
2026-07-23,379.0451354980469,326.9700012207031,562.1987915039062,539.6900024414062,283.0400085449219,1800.671142578125,39.459999084472656,392.4700012207031,236.5,135.1855010986328,100.2300033569336,218.48306274414062,319.7799987792969,80.86347961425781,1397.1500244140625,209.32000732421875,282.82000732421875,990.2100219726562,208.75999450683594,455.3699951171875,277.2900085449219,90.12999725341797,170.18377685546875,103.19000244140625,53.4900016784668,60.470001220703125,373.6064758300781,415.5799865722656,283.5382385253906,20.8700008392334
2026-07-24,370.73046875,291.5799865722656,535.6771850585938,521.9500122070312,260.010009765625,1754.8204345703125,36.84000015258789,381.9200134277344,213.14999389648438,129.0406951904297,92.31999969482422,210.28233337402344,305.2099914550781,78.38837432861328,1333.81005859375,194.22999572753906,266.989990234375,920.9500122070312,206.83999633789062,437.9800109863281,269.239990234375,86.80999755859375,166.06617736816406,96.01000213623047,51.540000915527344,60.209999084472656,349.78564453125,403.4100036621094,278.15582275390625,19.479999542236328
2026-07-27,370.7604064941406,282.5199890136719,516.337890625,494.95001220703125,266.3299865722656,1653.1220703125,36.54999923706055,383.2200012207031,208.13999938964844,126.26305389404297,91.66999816894531,203.1304168701172,291.6099853515625,77.43412017822266,1339.0799560546875,189.1699981689453,263.0799865722656,900.2000122070312,196.50999450683594,428.8800048828125,267.6700134277344,89.04000091552734,169.1195526123047,96.41999816894531,53.45000076293945,63.439998626708984,334.6414489746094,399.0899963378906,277.9866943359375,19.079999923706055
2026-07-28,364.7187805175781,260.2300109863281,475.9510498046875,454.6199951171875,244.74000549316406,1582.949951171875,33.93000030517578,380.9100036621094,192.27999877929688,118.06000518798828,86.30000305175781,190.5845947265625,269.6099853515625,75.25720977783203,1282.010009765625,174.47000122070312,249.22999572753906,820.530029296875,197.00999450683594,402.32000732421875,259.1199951171875,84.38999938964844,161.99832153320312,87.75,50.15999984741211,64.68000030517578,320.5268859863281,392.30999755859375,275.6585998535156,17.360000610351562
2026-07-29,352.296630859375,249.74000549316406,435.9837951660156,429.55999755859375,224.88999938964844,1550.68994140625,31.1200008392334,370.32000732421875,177.4499969482422,107.01000213623047,81.87999725341797,169.99786376953125,252.35000610351562,70.94316864013672,1248.760009765625,163.39999389648438,228.7100067138672,739.0,190.00999450683594,366.9100036621094,240.97999572753906,78.86000061035156,154.83729553222656,82.80999755859375,48.36000061035156,61.189998626708984,319.287353515625,374.6700134277344,269.9179992675781,17.110000610351562
2026-07-30,365.5562438964844,299.69000244140625,501.2340087890625,485.3900146484375,241.5399932861328,1651.43994140625,34.77000045776367,387.8399963378906,201.0800018310547,117.11000061035156,91.12999725341797,180.1264190673828,297.7200012207031,74.5614013671875,1316.1800537109375,183.3000030517578,248.7100067138672,874.6599731445312,195.0399932861328,394.07000732421875,245.16000366210938,83.73999786376953,150.77938842773438,89.58000183105469,53.060001373291016,62.47999954223633,365.3496398925781,403.30999755859375,277.3399963378906,18.940000534057617
2026-07-31,366.29400634765625,311.2300109863281,507.12774658203125,476.1499938964844,239.69000244140625,1629.0,35.16999816894531,389.2799987792969,206.99000549316406,119.05000305175781,90.19999694824219,182.6136016845703,293.0199890136719,73.845703125,1426.030029296875,187.55999755859375,251.44000244140625,823.030029296875,200.75,390.8699951171875,229.16000366210938,81.61000061035156,146.81097412109375,91.02999877929688,52.38999938964844,62.279998779296875,367.548828125,404.25,275.739990234375,19.030000686645508
2026-08-03,360.7807922363281,321.04998779296875,517.656494140625,484.6400146484375,239.05999755859375,1642.52001953125,36.68000030517578,392.2300109863281,218.35000610351562,125.19999694824219,91.0,182.54368591308594,294.6099853515625,74.7701416015625,1344.3699951171875,193.77999877929688,256.1000061035156,829.5,206.63999938964844,393.69000244140625,224.1699981689453,80.4000015258789,150.7495574951172,92.20999908447266,52.189998626708984,61.290000915527344,365.6595153808594,406.1099853515625,269.0400085449219,18.690000534057617
2026-08-04,379.1348876953125,361.6700134277344,546.0361328125,518.5800170898438,280.55999755859375,1711.8900146484375,38.70000076293945,418.1600036621094,237.9199981689453,144.55999755859375,100.86000061035156,195.22933959960938,317.739990234375,80.18754577636719,1335.030029296875,218.58999633789062,273.30999755859375,892.6699829101562,211.94000244140625,413.5,237.60000610351562,80.77999877929688,161.78945922851562,100.55000305175781,54.220001220703125,66.79000091552734,403.405029296875,417.1700134277344,283.6300048828125,20.6299991607666
2026-08-05,376.5427551269531,318.42999267578125,533.6693115234375,482.04998779296875,274.5799865722656,1678.219970703125,36.779998779296875,418.2799987792969,224.6300048828125,145.5500030517578,101.05999755859375,192.58233642578125,307.4200134277344,77.32477569580078,1345.4599609375,211.02000427246094,263.4599914550781,893.1900024414062,219.22000122070312,402.3800048828125,231.14999389648438,76.91000366210938,156.67727661132812,97.30000305175781,52.77000045776367,66.98999786376953,389.2405090332031,414.0,277.7200012207031,19.290000915527344
2026-08-06,376.1639099121094,331.5,526.9165649414062,489.2799987792969,286.67999267578125,1704.3699951171875,37.25,420.57000732421875,230.42999267578125,142.64999389648438,99.80999755859375,193.00186157226562,305.7699890136719,73.915283203125,1359.0799560546875,210.5399932861328,301.6400146484375,881.469970703125,218.99000549316406,381.32000732421875,231.77999877929688,78.33000183105469,159.5218048095703,97.68000030517578,53.279998779296875,66.83999633789062,384.7422180175781,418.20001220703125,278.3999938964844,19.200000762939453
2026-08-07,388.7455749511719,334.1700134277344,538.5641479492188,483.3599853515625,282.57000732421875,1740.989990234375,37.38999938964844,427.760009765625,249.88999938964844,152.0800018310547,101.6500015258789,197.88633728027344,311.3500061035156,84.18350982666016,1401.5400390625,218.72000122070312,310.82000732421875,877.5700073242188,223.9600067138672,393.0199890136719,239.7100067138672,81.16999816894531,166.9513702392578,101.5199966430664,56.099998474121094,70.62000274658203,379.16436767578125,420.0400085449219,286.0799865722656,18.719999313354492
2026-08-10,382.7637939453125,317.2300109863281,521.562255859375,469.55999755859375,267.8500061035156,1733.47998046875,37.59000015258789,422.3999938964844,239.93499755859375,144.2100067138672,97.5199966430664,192.52239990234375,306.3999938964844,80.90324401855469,1381.0999755859375,208.55999755859375,297.0299987792969,861.0,217.5500030517578,384.79998779296875,233.42999267578125,79.77999877929688,161.2921600341797,95.88999938964844,54.349998474121094,68.79000091552734,364.9598083496094,418.4700012207031,280.44000244140625,18.790000915527344
2026-08-11,384.129638671875,311.989990234375,525.0485229492188,474.32000732421875,268.92999267578125,1799.3800048828125,38.650001525878906,416.0799865722656,247.69000244140625,150.2100067138672,97.70999908447266,200.24368286132812,311.4100036621094,80.53545379638672,1402.1099853515625,212.30999755859375,299.92999267578125,868.52001953125,217.5,395.95001220703125,236.3800048828125,81.11000061035156,161.7993927001953,96.41999816894531,55.040000915527344,68.33000183105469,379.41424560546875,422.05999755859375,281.239990234375,18.940000534057617
2026-08-12,383.26226806640625,318.79998779296875,547.5645141601562,482.92999267578125,271.8699951171875,1810.0699462890625,39.279998779296875,416.04998779296875,268.1600036621094,161.0800018310547,100.94999694824219,208.014892578125,326.1099853515625,78.96490478515625,1425.010009765625,217.0800018310547,310.75,911.2899780273438,224.08999633789062,405.8999938964844,233.41000366210938,83.31999969482422,162.1873016357422,101.01000213623047,54.18000030517578,69.68000030517578,402.5853576660156,429.1499938964844,276.5899963378906,19.309999465942383
2026-08-13,380.01220703125,322.7799987792969,533.968994140625,483.010009765625,278.6499938964844,1847.9000244140625,39.63999938964844,417.82000732421875,265.989990234375,163.80999755859375,104.55999755859375,209.1336212158203,337.010009765625,77.22537231445312,1362.550048828125,222.17999267578125,307.05999755859375,949.8300170898438,225.3000030517578,411.5,231.91000366210938,81.55999755859375,163.89797973632812,99.33000183105469,53.91999816894531,69.76000213623047,410.36236572265625,430.489990234375,273.42999267578125,19.3799991607666
2026-08-14,388.2072448730469,321.6099853515625,506.63824462890625,514.3900146484375,279.44000244140625,1844.0799560546875,39.540000915527344,392.989990234375,259.8999938964844,161.75999450683594,102.5,203.49000549316406,332.3599853515625,78.69651794433594,1402.010009765625,222.02000427246094,316.44000244140625,971.6599731445312,225.16000366210938,418.1199951171875,234.7100067138672,82.66000366210938,164.89256286621094,100.8499984741211,54.290000915527344,69.62000274658203,418.62921142578125,426.3500061035156,279.5799865722656,19.149999618530273
2026-08-17,389.0945129394531,320.1700134277344,534.7382202148438,506.0,271.42999267578125,1883.1199951171875,39.90999984741211,392.42999267578125,282.82000732421875,163.08999633789062,103.48999786376953,205.75999450683594,343.8399963378906,79.7800064086914,1415.989990234375,234.3300018310547,327.5299987792969,1011.75,225.00999450683594,420.7900085449219,232.72000122070312,83.37999725341797,161.30210876464844,100.61000061035156,55.790000915527344,67.7300033569336,442.9698486328125,430.9700012207031,282.9100036621094,19.530000686645508
2026-08-18,375.4859924316406,303.44000244140625,513.7806396484375,484.3900146484375,253.32000732421875,1802.97998046875,36.40999984741211,380.0,245.97000122070312,150.27000427246094,96.69000244140625,194.7899932861328,327.9200134277344,77.72238159179688,1333.1800537109375,216.0,292.8800048828125,940.760009765625,219.74000549316406,390.9599914550781,228.55999755859375,79.41999816894531,159.32289123535156,93.70999908447266,52.27000045776367,67.43000030517578,404.134765625,413.4100036621094,272.239990234375,18.479999542236328
2026-08-19,372.126220703125,289.0199890136719,495.6400146484375,466.4200134277344,249.33999633789062,1751.72998046875,35.65999984741211,362.4800109863281,234.82000732421875,144.27999877929688,92.80000305175781,187.27000427246094,307.1700134277344,76.6190185546875,1300.1400146484375,237.27000427246094,269.9800109863281,937.1099853515625,217.55999755859375,385.3299865722656,226.02000427246094,76.58000183105469,161.0335693359375,90.8499984741211,50.40999984741211,68.4800033569336,379.50421142578125,412.0899963378906,267.45001220703125,18.1200008392334
2026-08-20,369.1153869628906,290.5199890136719,496.2099914550781,469.4599914550781,250.72000122070312,1750.31005859375,36.5099983215332,364.0299987792969,231.35000610351562,144.6300048828125,92.12999725341797,185.86000061035156,310.5299987792969,75.35661315917969,1310.5999755859375,251.00999450683594,266.17999267578125,974.3300170898438,216.85000610351562,383.8699951171875,222.97000122070312,74.70999908447266,159.86990356445312,92.1500015258789,49.91999816894531,67.94000244140625,383.00286865234375,416.0,265.6000061035156,18.0
2026-08-21,371.95672607421875,284.9700012207031,492.32000732421875,473.25,243.32000732421875,1763.760009765625,36.5099983215332,368.45001220703125,230.57000732421875,143.66000366210938,90.06999969482422,183.99000549316406,314.0,75.625,1316.280029296875,237.0399932861328,266.6099853515625,966.780029296875,214.72000122070312,376.989990234375,225.55999755859375,74.20999908447266,159.87985229492188,91.23999786376953,50.560001373291016,67.13999938964844,375.595703125,418.95001220703125,264.3599853515625,18.34000015258789
2026-08-24,370.0425720214844,277.5299987792969,484.19000244140625,456.75,238.77999877929688,1740.1300048828125,36.2400016784668,358.760009765625,222.61000061035156,138.25,87.26000213623047,181.57000732421875,310.1700134277344,74.20999908447266,1285.030029296875,229.2899932861328,257.42999267578125,910.4299926757812,208.47999572753906,362.75,222.44000244140625,71.93000030517578,157.67185974121094,87.06999969482422,49.349998474121094,66.86000061035156,364.7598876953125,410.1199951171875,258.94000244140625,19.049999237060547
2026-08-25,372.5249938964844,282.6499938964844,480.0400085449219,479.17999267578125,241.55999755859375,1744.1600341796875,37.08000183105469,356.739990234375,226.50999450683594,138.8699951171875,87.4800033569336,183.33999633789062,314.6600036621094,73.5,1304.1500244140625,240.3800048828125,266.2699890136719,932.969970703125,213.0500030517578,368.260009765625,224.75,72.51000213623047,159.6908721923828,89.86000061035156,49.459999084472656,65.69999694824219,366.289306640625,417.4100036621094,260.04998779296875,19.600000381469727
2026-08-26,370.670654296875,290.29998779296875,479.760009765625,480.92999267578125,251.05999755859375,1745.6400146484375,37.2599983215332,355.5899963378906,226.49000549316406,142.4600067138672,88.23999786376953,183.8300018310547,312.8800048828125,74.05000305175781,1303.8800048828125,245.11000061035156,272.6600036621094,938.4000244140625,209.66000366210938,366.3500061035156,223.14999389648438,73.22000122070312,162.83377075195312,90.02999877929688,49.65999984741211,66.62000274658203,362.9605712890625,417.69000244140625,261.7699890136719,19.030000686645508
2026-08-27,373.38238525390625,304.0899963378906,482.3599853515625,476.6700134277344,255.2100067138672,1735.010009765625,38.900001525878906,371.5400085449219,240.24000549316406,145.30999755859375,92.08999633789062,183.77000427246094,318.5799865722656,75.48999786376953,1311.0799560546875,241.4499969482422,277.1499938964844,935.3900146484375,227.97999572753906,370.9200134277344,225.86000061035156,74.80000305175781,163.88803100585938,91.11000061035156,51.34000015258789,67.36000061035156,371.9171447753906,427.29998779296875,266.5400085449219,19.06999969482422
2026-08-28,360.68109130859375,289.4700012207031,461.6700134277344,465.5799865722656,239.0500030517578,1696.1600341796875,37.779998779296875,368.7900085449219,232.75,134.9199981689453,89.47000122070312,175.5399932861328,301.8999938964844,72.93000030517578,1256.260009765625,216.6199951171875,265.2699890136719,932.8599853515625,217.5500030517578,349.05999755859375,223.5800018310547,72.61000061035156,163.30123901367188,85.76000213623047,49.380001068115234,65.79000091552734,354.8337097167969,417.5199890136719,258.6400146484375,19.790000915527344
2026-08-31,361.0400085449219,296.9800109863281,458.3900146484375,470.7200012207031,241.91000366210938,1696.010009765625,36.95000076293945,370.3399963378906,226.19000244140625,135.2899932861328,89.51000213623047,175.4499969482422,301.489990234375,73.44999694824219,1267.77001953125,211.66000366210938,263.8299865722656,958.72998046875,220.77999877929688,348.45001220703125,224.63999938964844,74.08999633789062,169.5571746826172,86.69000244140625,50.13999938964844,67.01000213623047,349.6956481933594,415.32000732421875,260.9100036621094,19.8799991607666
2026-09-01,354.5199890136719,279.9100036621094,441.8500061035156,459.6099853515625,234.82000732421875,1665.1400146484375,37.43000030517578,369.67999267578125,206.6300048828125,129.50999450683594,88.97000122070312,170.88999938964844,290.20001220703125,71.41000366210938,1225.9599609375,210.38999938964844,262.010009765625,933.4400024414062,217.44000244140625,337.6400146484375,222.39999389648438,72.6500015258789,165.7081298828125,84.4000015258789,49.400001525878906,67.41000366210938,335.3311767578125,414.0,253.33999633789062,20.469999313354492
2026-09-02,355.7099914550781,274.1300048828125,438.4599914550781,457.05999755859375,234.86000061035156,1682.300048828125,37.08000183105469,367.239990234375,165.22000122070312,131.30999755859375,90.05000305175781,172.25999450683594,288.32000732421875,72.76000213623047,1219.3599853515625,206.47999572753906,257.55999755859375,956.0800170898438,224.41000366210938,349.6000061035156,228.5,72.33999633789062,169.04000854492188,84.72000122070312,50.709999084472656,71.66999816894531,341.48883056640625,415.5,254.8000030517578,19.969999313354492
2026-09-03,356.5,282.82000732421875,435.9100036621094,456.1600036621094,242.58999633789062,1646.18994140625,37.43000030517578,357.1600036621094,164.1699981689453,130.6999969482422,91.66999816894531,172.94000244140625,292.6600036621094,73.11000061035156,1213.6500244140625,208.8300018310547,259.95001220703125,958.1599731445312,228.4499969482422,352.70001220703125,224.99000549316406,73.6500015258789,168.57000732421875,84.33999633789062,51.279998779296875,71.5,338.4599914550781,417.010009765625,253.8300018310547,19.860000610351562
2026-09-04,362.25,310.3999938964844,454.7099914550781,477.57000732421875,252.08999633789062,1714.8800048828125,37.5099983215332,357.8999938964844,170.57000732421875,138.74000549316406,95.80000305175781,185.60000610351562,307.6499938964844,74.16999816894531,1223.8599853515625,223.5500030517578,268.95001220703125,1016.5900268554688,230.36000061035156,372.1000061035156,227.83999633789062,74.37999725341797,168.74000549316406,85.45999908447266,52.2400016784668,74.0199966430664,357.0299987792969,428.9100036621094,258.44000244140625,20.770000457763672
2026-09-08,363.20001220703125,288.8500061035156,472.7900085449219,505.739990234375,261.5299987792969,1764.8499755859375,39.790000915527344,368.55999755859375,167.75,141.08999633789062,104.47000122070312,188.97999572753906,320.4200134277344,73.37999725341797,1218.5,225.41000366210938,274.79998779296875,1000.260009765625,225.72999572753906,377.1099853515625,223.8699951171875,71.08000183105469,174.08999633789062,86.88999938964844,51.970001220703125,75.37999725341797,372.05999755859375,439.0,258.9200134277344,21.81999969482422
